[
  {
    "id": 0,
    "name": "Porsche",
    "price": 440000.0,
    "image_url": "https://images.unsplash.com/photo-1503376780353-7e6692767b70?ixlib=rb-1.2.1&ixid=MnwxMjA3fDB8MHxwaG90by1wYWdlfHx8fGVufDB8fHx8&auto=format&fit=crop&w=1470&q=80"
  },
  {
    "id": 1,
    "name": "Lamborghini",
    "price": 640000.0,
    "image_url": "https://images.unsplash.com/photo-1571607388263-1044f9ea01dd?ixlib=rb-1.2.1&ixid=MnwxMjA3fDB8MHxwaG90by1wYWdlfHx8fGVufDB8fHx8&auto=format&fit=crop&w=1395&q=80"
  },
  {
    "id": 2,
    "name": "Ferrari",
    "price": 640000.0,
    "image_url": "https://images.unsplash.com/photo-1583121274602-3e2820c69888?ixlib=rb-1.2.1&ixid=MnwxMjA3fDB8MHxwaG90by1wYWdlfHx8fGVufDB8fHx8&auto=format&fit=crop&w=1470&q=80"
  },
  {
    "id": 3,
    "name": "Mercedes BENZ",
    "price": 440000.0,
    "image_url": "https://images.unsplash.com/photo-1514316454349-750a7fd3da3a?ixlib=rb-1.2.1&ixid=MnwxMjA3fDB8MHxwaG90by1wYWdlfHx8fGVufDB8fHx8&auto=format&fit=crop&w=687&q=80"
  },
  {
    "id": 4,
    "name": "Mustang",
    "price": 440000.0,
    "image_url": "https://images.unsplash.com/photo-1494905998402-395d579af36f?ixlib=rb-1.2.1&ixid=MnwxMjA3fDB8MHxwaG90by1wYWdlfHx8fGVufDB8fHx8&auto=format&fit=crop&w=1470&q=80"
  },
  {
    "id": 5,
    "name": "Lotus",
    "price": 440000.0,
    "image_url": "https://upload.wikimedia.org/wikipedia/commons/thumb/9/90/2014_Lotus_Elise_S_Club_Racer_1.8_Front.jpg/450px-2014_Lotus_Elise_S_Club_Racer_1.8_Front.jpg"
  }
]
